{
  "version": "1.0.0",
  "model_type": "logistic_regression",
  "trained_at": "2026-06-03",
  "n_train": 48,
  "feature_names": [
    "source_score",
    "channel_score",
    "property_score",
    "city_tier_norm",
    "budget_norm",
    "interaction_norm",
    "has_site_visit",
    "has_email",
    "recency_score",
    "pipeline_age_score"
  ],
  "feature_labels_ar": [
    "قوة مصدر العميل",
    "قوة قناة التواصل",
    "نوع العقار المفضل",
    "تمركز المدينة",
    "الملاءة المالية",
    "كثافة التفاعل",
    "زيارة الموقع",
    "توفر البريد الإلكتروني",
    "حداثة التواصل",
    "عمر الفرصة"
  ],
  "scaler": {
    "mean": [
      0.6729166666666667,
      0.75,
      0.7916666666666665,
      0.772916666666667,
      0.3329166666666667,
      0.3854166666666667,
      0.3958333333333333,
      0.6041666666666666,
      0.6538194444444444,
      0.60375
    ],
    "scale": [
      0.24557719707298192,
      0.2761340254296815,
      0.16811867501526678,
      0.26436999272904554,
      0.23541345130547564,
      0.22219509383022434,
      0.48902894142939607,
      0.4890289414293959,
      0.2657969668466451,
      0.1313121545952409
    ]
  },
  "coef": [
    1.0732341567095347,
    0.6262030055013222,
    0.08465173645261559,
    0.25342991879989346,
    0.4778485342617098,
    0.9448499771538101,
    0.7195691300344449,
    0.15653465218002413,
    0.9114654953634992,
    -0.24559954569718592
  ],
  "intercept": 0.6964606214449859,
  "feature_importances": [
    0.19536841703522032,
    0.11399216952112107,
    0.015409755314474364,
    0.046133643581658605,
    0.08698615408172938,
    0.17199773527359263,
    0.13098826663628788,
    0.02849511172970146,
    0.1659205215359018,
    0.04470822529031254
  ],
  "eval": {
    "auc_cv_mean": 0.99,
    "auc_cv_std": 0.02,
    "accuracy_holdout": 0.8,
    "precision_holdout": 0.7143,
    "recall_holdout": 1.0,
    "auc_holdout": 1.0,
    "confusion_matrix": [
      [
        3,
        2
      ],
      [
        0,
        5
      ]
    ],
    "precision_at_10": 1.0,
    "holdout_predictions": [
      {
        "id": "syn-031",
        "prob": 1.0,
        "actual": 1,
        "pred": 1
      },
      {
        "id": "syn-032",
        "prob": 0.987,
        "actual": 1,
        "pred": 1
      },
      {
        "id": "syn-033",
        "prob": 0.998,
        "actual": 1,
        "pred": 1
      },
      {
        "id": "syn-034",
        "prob": 0.002,
        "actual": 0,
        "pred": 0
      },
      {
        "id": "syn-035",
        "prob": 0.005,
        "actual": 0,
        "pred": 0
      },
      {
        "id": "syn-036",
        "prob": 0.668,
        "actual": 0,
        "pred": 1
      },
      {
        "id": "syn-037",
        "prob": 0.877,
        "actual": 0,
        "pred": 1
      },
      {
        "id": "syn-038",
        "prob": 0.98,
        "actual": 1,
        "pred": 1
      },
      {
        "id": "syn-039",
        "prob": 0.949,
        "actual": 1,
        "pred": 1
      },
      {
        "id": "syn-040",
        "prob": 0.125,
        "actual": 0,
        "pred": 0
      }
    ]
  },
  "scoring": {
    "source_scores": {
      "Referral": 1.0,
      "Exhibition": 0.8,
      "Web": 0.6,
      "Campaign": 0.5,
      "Social": 0.4,
      "Cold Call": 0.3
    },
    "channel_scores": {
      "WhatsApp": 1.0,
      "Email": 0.7,
      "Web": 0.6,
      "Social": 0.4,
      "SMS": 0.3
    },
    "property_scores": {
      "فيلا": 1.0,
      "تاون هاوس": 0.85,
      "دوبلكس": 0.75,
      "شقة": 0.65,
      "أرض": 0.5
    },
    "budget_max": 5000000,
    "interaction_max": 8,
    "recency_max": 120,
    "days_in_pipeline_max": 300
  }
}